Timestamp,Mode,Emotion,Message
2026-01-11 21:47:42,勉強,neutral,パンテオンを選択中ですね。文明を発展させるために、戦略的に有利なものを選びましょう！頑張って！
2026-01-11 21:48:47,勉強,neutral,Civ6プレイ中ですね。蛮族と戦争ですか？目標は勉強なので、終わったらしっかり振り返りをしましょう！
2026-01-11 22:18:43,作業中,neutral,都市を攻撃中で、作業に集中している。
2026-01-11 22:24:40,作業中,neutral,文明の都市が見えます。次のターンを考えているのでしょう。
2026-01-11 22:25:11,ゲーム中,neutral,文明ゲームプレイ中。戦略を練っている様子。
2026-01-11 22:25:14,ゲーム中,neutral,Civ6をプレイ中。インド文明、劇場広場建設中。
2026-01-11 22:25:23,ゲーム中,neutral,文明ゲーム中。AIアシスタントの設定画面が開いています。
2026-01-11 22:25:26,ゲーム中,neutral,Civ6をプレイ中。AI診断の設定をしていますね。
2026-01-11 22:26:08,作業中,neutral,文明ゲームプレイ中。作業モードのようです。
2026-01-11 22:28:08,作業中,neutral,文明ゲーム中。次のターンに進むところ。
2026-01-11 22:28:15,作業中,neutral,文明ゲームをプレイ中です。モチベーション維持ツールも利用中。
2026-01-11 22:28:41,作業中,neutral,Civ6をプレイ中。モチベーション管理ツールも起動している。
2026-01-11 22:28:47,作業中,neutral,Civ6をプレイしながら、作業中のようです。
2026-01-11 22:30:13,作業中,neutral,Civ6プレイ中。敵都市への侵攻のターン。
2026-01-11 22:30:18,作業中,neutral,Civ6プレイ中。「作業中」モードでAI診断を実行しようとしている。
2026-01-11 22:31:55,作業中,neutral,文明ゲームプレイ中。都市建設と軍事展開が見られます。
2026-01-11 22:33:15,作業中,neutral,文明をプレイ中。軍事ユニットが展開している。
2026-01-11 22:33:24,作業中,neutral,Civ6をプレイ中。設定画面が開いています。作業中のようです。
2026-01-11 22:33:31,作業中,neutral,Civ6のゲームプレイ中のようです。設定画面が開いています。
2026-01-11 22:37:06,作業中,neutral,文明統治中、軍事ユニットが近隣に。状況把握に努めましょう。
2026-01-11 22:40:55,作業中,neutral,文明シミュレーションゲームプレイ中。
2026-01-11 22:41:09,作業中,neutral,文明ゲームをプレイ中。モチベーション維持ツールも使用中。
2026-01-11 22:46:00,ゲーム中,neutral,Civ6プレイ中。都市を建設している？
2026-01-11 22:48:05,ゲーム中,neutral,文明開化、都市発展計画中。戦略的思考！
2026-01-11 22:49:11,ゲーム中,neutral,文明指導ゲームをプレイ中、次のターンを待機している。
2026-01-11 22:50:19,ゲーム中,neutral,Civ6プレイ中。都市開発やユニット配置をしている。
2026-01-11 22:51:25,ゲーム中,neutral,文明6をプレイ中。フランス文明を選択している。
2026-01-11 22:55:07,作業中,neutral,文明をプレイ中。あなたのターンです。
2026-01-11 23:01:29,作業中,neutral,Civ6をプレイ中。都市の開発を進めているのかな。
2026-01-11 23:06:33,作業中,neutral,Civilization VIをプレイ中。ターン待ち。
2026-01-11 23:07:38,作業中,neutral,文明VIをプレイ中。都市攻撃の指示待ち。
2026-01-11 23:08:44,作業中,neutral,Civilization VIをプレイ中。状況は膠着状態。
2026-01-11 23:09:03,作業中,neutral,文明ゲームをプレイ中です。都市を拡大中。
2026-01-11 23:10:11,作業中,neutral,Civilization VIで敗北した画面です。
2026-01-11 23:13:35,作業中,neutral,デバッグ中。エラー修正後、再実行を促されている。
2026-01-11 23:14:43,作業中,neutral,Steamでゲームを探しているようです。
2026-01-11 23:15:47,作業中,neutral,itch.ioでツールを探している。作業中でしょうか。
2026-01-12 00:00:58,作業中,angry,コードにエラーが発生しているようです。修正が必要です。
2026-01-12 00:06:20,作業中,neutral,コーディング中で、エラーが発生しているようです。
2026-01-12 20:21:28,作業中,error,エラー発生: 403 Your API key was reported as leaked. Please use another API key.
2026-01-12 20:40:32,作業中,angry,APIキーが漏洩したとのこと。修正が必要。
2026-01-12 20:42:38,作業中,neutral,Pythonプロジェクトで作業中。pip install playerを実行。
